{
    "10": {
        "average_relocation_ratio": 0.21246717590930878,
        "stdev_relocation_ratios": 0.012769972621567668,
        "average_max_block_utilization": 0.33133333333333337,
        "stdev_max_block_utilization": 0.030315216404951044
    },
    "20": {
        "average_relocation_ratio": 0.21493683346647838,
        "stdev_relocation_ratios": 0.015123656726719918,
        "average_max_block_utilization": 0.32,
        "stdev_max_block_utilization": 0.016329931618554526
    },
    "30": {
        "average_relocation_ratio": 0.21374327626720396,
        "stdev_relocation_ratios": 0.01282708545181631,
        "average_max_block_utilization": 0.33133333333333337,
        "stdev_max_block_utilization": 0.018869270858092257
    },
    "40": {
        "average_relocation_ratio": 0.20769419715547408,
        "stdev_relocation_ratios": 0.010430820630875168,
        "average_max_block_utilization": 0.33266666666666667,
        "stdev_max_block_utilization": 0.018176093374825363
    },
    "50": {
        "average_relocation_ratio": 0.21102718986317112,
        "stdev_relocation_ratios": 0.0073176967480666376,
        "average_max_block_utilization": 0.33399999999999996,
        "stdev_max_block_utilization": 0.016762686369463212
    },
    "60": {
        "average_relocation_ratio": 0.20775906929038607,
        "stdev_relocation_ratios": 0.014365454783111633,
        "average_max_block_utilization": 0.33466666666666667,
        "stdev_max_block_utilization": 0.023892764543494427
    },
    "70": {
        "average_relocation_ratio": 0.2120497772020487,
        "stdev_relocation_ratios": 0.014887687168701985,
        "average_max_block_utilization": 0.32466666666666666,
        "stdev_max_block_utilization": 0.024755595451793094
    },
    "80": {
        "average_relocation_ratio": 0.21312703441326372,
        "stdev_relocation_ratios": 0.006643462661439696,
        "average_max_block_utilization": 0.33066666666666666,
        "stdev_max_block_utilization": 0.01890848656549568
    },
    "90": {
        "average_relocation_ratio": 0.2133904673670397,
        "stdev_relocation_ratios": 0.010811220421743723,
        "average_max_block_utilization": 0.32466666666666666,
        "stdev_max_block_utilization": 0.01572918966149902
    },
    "100": {
        "average_relocation_ratio": 0.21270464927310914,
        "stdev_relocation_ratios": 0.007688197673582678,
        "average_max_block_utilization": 0.32399999999999995,
        "stdev_max_block_utilization": 0.013770607453181928
    }
}