{
    "100": {
        "average_relocation_ratio": 0.08366991001124202,
        "stdev_relocation_ratios": 0.012620565808699727,
        "average_max_block_utilization": 0.29133333333333333,
        "stdev_max_block_utilization": 0.01335183900959981
    }
}