{
    "100": {
        "average_relocation_ratio": 0.3021544041376075,
        "stdev_relocation_ratios": 0.010727126852035243,
        "average_max_block_utilization": 0.5533333333333335,
        "stdev_max_block_utilization": 0.022443344307471295
    }
}